{"test1.jpeg": "(Tumor), (Stroma), (Complex), (Lympho), (Debris)", "test2.jpeg": "(Tumor), (Lympho), (Debris), (Mucosa), (Adipose)", "test3.jpeg": "(Tumor), (Debris), (Mucosa)", "test4.jpeg": "(Tumor), (Stroma), (Complex), (Lympho), (Debris), (Mucosa)", "test5.jpeg": "(Tumor), (Stroma), (Lympho), (Debris), (Adipose)", "test6.jpeg": "(Tumor), (Mucosa)", "test7.jpeg": "(Tumor), (Complex), (Lympho), (Debris), (Adipose)", "test8.jpeg": "(Tumor), (Debris)", "test9.jpeg": "(Tumor), (Debris), (Mucosa)", "test_s1.jpeg": "(Stroma), (Complex), (Debris), (Mucosa)", "test_s2.jpeg": "(Stroma), (Complex), (Debris)", "test_s3.jpeg": "(Stroma), (Complex), (Debris)", "test_s4.jpeg": "(Stroma), (Complex), (Lympho), (Debris), (Mucosa)", "test_s5.jpeg": "(Stroma), (Complex), (Debris)", "test_l1.jpeg": "(Stroma), (Complex), (Lympho), (Debris), (Mucosa)", "test_l2.jpeg": "(Stroma), (Complex), (Lympho), (Debris), (Mucosa)", "test_l3.jpeg": "(Stroma), (Complex), (Lympho), (Debris), (Mucosa)", "test_l4.jpeg": "(Stroma), (Complex), (Lympho), (Debris), (Mucosa)", "test_l5.jpeg": "(Complex), (Lympho), (Debris), (Mucosa)", "test_c1.jpeg": "(Stroma), (Complex), (Debris), (Mucosa)", "test_c2.jpeg": "(Stroma), (Complex), (Debris)", "test_c3.jpeg": "(Stroma), (Complex), (Debris), (Mucosa)", "test_c4.jpeg": "(Stroma), (Complex), (Debris), (Mucosa)", "test_c5.jpeg": "(Stroma), (Complex), (Debris)", "test_m1.jpeg": "(Debris), (Mucosa)", "test_m2.jpeg": "(Debris), (Mucosa)", "test_m3.jpeg": "(Debris), (Mucosa)", "test_m4.jpeg": "(Debris), (Mucosa)", "test_m5.jpeg": "(Complex), (Debris), (Mucosa)", "test_a3.jpeg": "(Adipose)", "test_a2.jpeg": "(Adipose)", "test_a1.jpeg": "(Adipose)", "test_a0.jpeg": "(Adipose)", "test_a4.jpeg": "(Adipose)", "test_d1.jpeg": "(Debris)", "test_d2.jpeg": "(Stroma), (Complex), (Debris), (Mucosa)", "test_d3.jpeg": "(Debris)", "test_d4.jpeg": "(Debris)", "test_d5.jpeg": "(Debris)"}
